,mean_L2_distance,standard_L2dist
vanilla_finetuned,0.18892456327617668,0.0037839208050166667
