,mean_L2_distance,standard_L2dist
jointloss_finetuned,0.2043225423517275,0.004392507754435266
