,mean_L2_distance,standard_L2dist
jointloss_finetuned,0.20840936532231555,0.004564504870454812
