,mean_L2_distance,standard_L2dist
jointloss_finetuned,0.20632811448206248,0.004117251068857734
