,mean_L2_distance,standard_L2dist
vanilla_finetuned,0.2101285299264492,0.004851407980544894
