,mean_L2_distance,standard_L2dist
jointloss_finetuned,0.2086836661717873,0.004686123137693111
