,mean_L2_distance,standard_L2dist
from_scratch,0.500254938854861,8.525374340124788e-06
