,mean_L2_distance,standard_L2dist
from_scratch,0.20344612948647678,0.002965297182876786
