,mean_L2_distance,standard_L2dist
jointloss_finetuned,0.17618028517596118,0.004599580841133836
