,mean_L2_distance,standard_L2dist
from_scratch,0.5002631782644916,8.305966256074408e-06
