,mean_L2_distance,standard_L2dist
vanilla_finetuned,0.18981083929121165,0.004186620350252768
