,mean_L2_distance,standard_L2dist
from_scratch,0.5002631604314152,8.35740784203203e-06
