,mean_L2_distance,standard_L2dist
from_scratch,0.5002628315889524,7.812910228305054e-06
