,mean_L2_distance,standard_L2dist
vanilla_finetuned,0.1873629049512893,0.0041072124634551
