,mean_L2_distance,standard_L2dist
jointloss_finetuned,0.20077415045146896,0.004036706832315581
