,mean_L2_distance,standard_L2dist
BC,0.20470263773966935,0.004440778740905068
