,mean_L2_distance,standard_L2dist
from_scratch,0.500260283551825,8.74183498345865e-06
