,mean_L2_distance,standard_L2dist
jointloss_finetuned,0.20222443707995894,0.004141805575112507
