,mean_L2_distance,standard_L2dist
vanilla_finetuned,0.21065136047848249,0.00488819226504139
