,mean,standard_error,min,max
behavioral_cloning,0.2063974137882094,0.004416252816361295,0.15491520190671765,0.3003886540700789
