,mean,standard_error,min,max
behavioral_cloning,0.20714546251751806,0.004377532940053604,0.1554939669977879,0.29996253349046026
