,mean_L2_distance,standard_L2dist
vanilla_finetuned,0.20075896056335701,0.0045272164043404445
