,mean_L2_distance,standard_L2dist
from_scratch,0.500238184748725,8.383262516993641e-06
