,mean_L2_distance,standard_L2dist
vanilla_finetuned,0.22139065956988266,0.003975647796328786
