,mean_L2_distance,standard_L2dist
vanilla_finetuned,0.17843720526233597,0.004178217148266342
