,mean_L2_distance,standard_L2dist
from_scratch,0.5002855427140224,7.9672006050448e-06
