,mean_L2_distance,standard_L2dist
jointloss_finetuned,0.20923631377840896,0.00451451504426795
