,mean_L2_distance,standard_L2dist
jointloss_finetuned,0.20713619959726476,0.004284083784514751
