,mean_L2_distance,standard_L2dist
vanilla_finetuned,0.18831862102287236,0.004050884556291365
