,mean_L2_distance,standard_L2dist
from_scratch,0.5002685634037485,8.03698248582988e-06
